{"h": 0.6766, "Omb": 0.04897, "Omd": 0.26069, "Om": 0.30966, "mnu": 0, "Omk": 0.0, "tau": 0.06, "ns": 0.965, "OmR": 0.0014936944554559174, "w": -1, "wa": 0, "T_cmb": 2.7255, "Neff": 3.046, "z_max": 1090, "use_astropy": true}